section,url
사회,https://n.news.naver.com/mnews/article/001/0015838435
사회,https://n.news.naver.com/mnews/article/003/0013701910
사회,https://n.news.naver.com/mnews/article/001/0015838952
사회,https://n.news.naver.com/mnews/article/009/0005619053
사회,https://n.news.naver.com/mnews/article/016/0002583202
사회,https://n.news.naver.com/mnews/article/001/0015837828
사회,https://n.news.naver.com/mnews/article/025/0003495582
사회,https://n.news.naver.com/mnews/article/088/0000991138
사회,https://n.news.naver.com/mnews/article/008/0005302453
사회,https://n.news.naver.com/mnews/article/003/0013701349
사회,https://n.news.naver.com/mnews/article/437/0000472822
사회,https://n.news.naver.com/mnews/article/437/0000472821
사회,https://n.news.naver.com/mnews/article/024/0000102671
사회,https://n.news.naver.com/mnews/article/422/0000820967
사회,https://n.news.naver.com/mnews/article/020/0003688217
사회,https://n.news.naver.com/mnews/article/008/0005302724
사회,https://n.news.naver.com/mnews/article/214/0001473372
사회,https://n.news.naver.com/mnews/article/057/0001929335
사회,https://n.news.naver.com/mnews/article/021/0002762692
사회,https://n.news.naver.com/mnews/article/057/0001929333
사회,https://n.news.naver.com/mnews/article/055/0001323040
사회,https://n.news.naver.com/mnews/article/437/0000472810
사회,https://n.news.naver.com/mnews/article/055/0001323039
사회,https://n.news.naver.com/mnews/article/055/0001323038
사회,https://n.news.naver.com/mnews/article/214/0001473366
사회,https://n.news.naver.com/mnews/article/008/0005302721
사회,https://n.news.naver.com/mnews/article/021/0002762691
사회,https://n.news.naver.com/mnews/article/001/0015838979
사회,https://n.news.naver.com/mnews/article/016/0002583668
사회,https://n.news.naver.com/mnews/article/025/0003495643
사회,https://n.news.naver.com/mnews/article/214/0001473363
사회,https://n.news.naver.com/mnews/article/052/0002298551
사회,https://n.news.naver.com/mnews/article/629/0000461196
사회,https://n.news.naver.com/mnews/article/214/0001473361
사회,https://n.news.naver.com/mnews/article/088/0000991243
사회,https://n.news.naver.com/mnews/article/052/0002298550
사회,https://n.news.naver.com/mnews/article/214/0001473360
사회,https://n.news.naver.com/mnews/article/057/0001929321
사회,https://n.news.naver.com/mnews/article/449/0000331872
사회,https://n.news.naver.com/mnews/article/629/0000461195
사회,https://n.news.naver.com/mnews/article/018/0006198026
사회,https://n.news.naver.com/mnews/article/214/0001473359
사회,https://n.news.naver.com/mnews/article/025/0003495642
사회,https://n.news.naver.com/mnews/article/032/0003420541
사회,https://n.news.naver.com/mnews/article/449/0000331870
사회,https://n.news.naver.com/mnews/article/655/0000029213
스포츠,https://n.news.naver.com/mnews/article/079/0004103533
스포츠,https://n.news.naver.com/mnews/article/003/0013701529
스포츠,https://n.news.naver.com/mnews/article/014/0005460759
스포츠,https://n.news.naver.com/mnews/article/119/0003046611
스포츠,https://n.news.naver.com/mnews/article/092/0002405368
스포츠,https://n.news.naver.com/mnews/article/005/0001825021
스포츠,https://n.news.naver.com/mnews/article/003/0013702305
스포츠,https://n.news.naver.com/mnews/article/030/0003388691
스포츠,https://n.news.naver.com/mnews/article/016/0002583675
스포츠,https://n.news.naver.com/mnews/article/092/0002405487
스포츠,https://n.news.naver.com/mnews/article/016/0002583653
스포츠,https://n.news.naver.com/mnews/article/366/0001135296
스포츠,https://n.news.naver.com/mnews/article/028/0002785684
스포츠,https://n.news.naver.com/mnews/article/665/0000006549
스포츠,https://n.news.naver.com/mnews/article/014/0005460773
스포츠,https://n.news.naver.com/mnews/article/584/0000036019
스포츠,https://n.news.naver.com/mnews/article/092/0002405479
스포츠,https://n.news.naver.com/mnews/article/016/0002583646
스포츠,https://n.news.naver.com/mnews/article/421/0008705974
스포츠,https://n.news.naver.com/mnews/article/015/0005235143
스포츠,https://n.news.naver.com/mnews/article/138/0002214831
스포츠,https://n.news.naver.com/mnews/article/015/0005235130
스포츠,https://n.news.naver.com/mnews/article/014/0005460762
스포츠,https://n.news.naver.com/mnews/article/092/0002405471
스포츠,https://n.news.naver.com/mnews/article/421/0008705906
스포츠,https://n.news.naver.com/mnews/article/009/0005619303
스포츠,https://n.news.naver.com/mnews/article/293/0000077599
스포츠,https://n.news.naver.com/mnews/article/081/0003607663
스포츠,https://n.news.naver.com/mnews/article/092/0002405465
스포츠,https://n.news.naver.com/mnews/article/015/0005235083
스포츠,https://n.news.naver.com/mnews/article/009/0005619287
스포츠,https://n.news.naver.com/mnews/article/092/0002405461
스포츠,https://n.news.naver.com/mnews/article/031/0000995699
스포츠,https://n.news.naver.com/mnews/article/092/0002405458
스포츠,https://n.news.naver.com/mnews/article/025/0003495603
스포츠,https://n.news.naver.com/mnews/article/092/0002405449
스포츠,https://n.news.naver.com/mnews/article/023/0003952004
스포츠,https://n.news.naver.com/mnews/article/417/0001123827
스포츠,https://n.news.naver.com/mnews/article/366/0001135266
스포츠,https://n.news.naver.com/mnews/article/138/0002214822
스포츠,https://n.news.naver.com/mnews/article/008/0005302623
스포츠,https://n.news.naver.com/mnews/article/092/0002405439
스포츠,https://n.news.naver.com/mnews/article/031/0000995683
