article_url,comment_count,report
https://n.news.naver.com/mnews/article/001/0015779422,1,"- 전체 댓글 분위기 요약: 기사에 대한 댓글은 중립적인 감정을 나타내며, 특정 입장이나 강한 반응은 보이지 않는다. 댓글은 조합에 대한 비판적인 의견을 담고 있지만, 감정적이지 않고 냉정한 어조로 작성되었다.

- 긍정적인 반응이 있다면 어떤 내용인지: 댓글 데이터에는 긍정적인 반응이 포함되어 있지 않다.

- 부정적인 반응이 있다면 어떤 내용인지: 댓글은 조합을 조직폭력배로 비유하며 부정적인 시각을 드러내고 있다.

- 중립/정보 전달형 댓글이 있다면 특징: 중립적인 댓글은 비판적인 관점을 포함하되, 감정을 배제하고 사실적인 언급으로 구성되어 있다.

- 한 문장으로 정리한 결론: 해당 기사의 댓글은 조합에 대한 비판적인 시각을 냉정하게 표현하며, 감정적인 반응은 없는 중립적인 입장을 보인다."
https://n.news.naver.com/mnews/article/001/0015779430,3,"1. 전체 댓글 분위기 요약  
   댓글들은 모두 중립적인 톤을 유지하고 있으며, 수능 관련 이슈에 대한 다양한 시각을 보여주고 있다. 교육 시스템에 대한 불만이나 의문이 드러났지만, 긍정적인 평가는 나타나지 않았다.

2. 긍정적인 반응이 있다면 어떤 내용인지  
   긍정적인 반응은 발견되지 않았다.

3. 부정적인 반응이 있다면 어떤 내용인지  
   부정적인 반응으로는 고3 학생들이 겪는 어려움과 수능 문제의 난이도에 대한 불만, 교육과정의 비효율성 등이 포함된다. 특히, 영어와 국어 문제의 출제 방식에 대한 비판이 두드러진다.

4. 중립/정보 전달형 댓글이 있다면 특징  
   댓글들은 주로 사실적인 정보와 자신의 의견을 담고 있으며, 감정적인 표현 없이 문제의 본질을 분석하는 데 집중하고 있다. 교육 시스템에 대한 문제 제기와 개인적인 경험이 조화롭게 나타나 있다.

5. 한 문장으로 정리한 결론  
   수능과 관련된 댓글들은 중립적이며, 교육 시스템의 문제점을 꼬집고 있지만 긍정적인 언급은 부족하다."
https://n.news.naver.com/mnews/article/003/0013639893,1,"- 전체 댓글 분위기 요약: 기사에 대한 댓글은 전반적으로 중립적인 반응을 보이고 있으며, 감정적인 반응은 없는 상황입니다. 댓글 내용은 책임에 대한 의견을 표현하고 있습니다.

- 긍정적인 반응이 있다면 어떤 내용인지: 긍정적인 반응은 발견되지 않았습니다.

- 부정적인 반응이 있다면 어떤 내용인지: 부정적인 반응도 없지만, 책임에 대한 언급은 다소 비판적인 뉘앙스를 포함할 수 있습니다.

- 중립/정보 전달형 댓글이 있다면 특징: 중립적인 댓글은 직접적인 감정 표현보다는 의견 전달에 초점을 맞추고 있으며, 책임감에 대한 인식을 강조하는 내용이 특징입니다.

- 한 문장으로 정리한 결론: 댓글은 중립적이며, 책임에 대한 인식을 강조한 내용으로 구성되어 있습니다."
https://n.news.naver.com/mnews/article/006/0000133095,4,"1. 전체 댓글 분위기 요약  
   - 댓글은 전반적으로 중립적인 분위기를 띠고 있으며, 회원 탈퇴 절차에 대한 불만과 우려가 주를 이루고 있다.

2. 긍정적인 반응이 있다면 어떤 내용인지  
   - 긍정적인 반응은 발견되지 않았다.

3. 부정적인 반응이 있다면 어떤 내용인지  
   - 부정적인 반응은 회원 탈퇴 과정의 복잡성과 불투명성에 대한 불만, 그리고 탈퇴 메뉴의 접근이 어렵다는 내용을 포함하고 있다.

4. 중립/정보 전달형 댓글이 있다면 특징  
   - 중립적인 댓글들은 주로 회원 탈퇴 절차와 관련된 정보 전달에 집중되어 있으며, 절차의 어려움을 지적하고 문의 과정에서의 불만을 표현하고 있다.

5. 한 문장으로 정리한 결론  
   - 댓글들은 회원 탈퇴의 복잡성과 관련된 불만을 표출하며 중립적인 정보 전달 형태로 나타나고 있다."
https://n.news.naver.com/mnews/article/008/0005287243,2,"1. 전체 댓글 분위기 요약  
   - 댓글들은 전반적으로 중립적인 분위기를 띠고 있으며, 특정 사건이나 주제에 대한 명확한 긍정 또는 부정의 입장을 표명하지 않고 있습니다.

2. 긍정적인 반응이 있다면 어떤 내용인지  
   - 긍정적인 반응은 나타나지 않았습니다.

3. 부정적인 반응이 있다면 어떤 내용인지  
   - 부정적인 반응 역시 뚜렷하지 않으며, 특정 부정적인 감정을 드러내는 내용이 보이지 않습니다.

4. 중립/정보 전달형 댓글이 있다면 특징  
   - 중립적인 댓글들은 주로 특정 주제나 사건에 대한 비판적 시각을 갖고 있으나, 감정적인 언급이 없이 사실 위주로 짧고 간결하게 서술되고 있습니다. 

5. 한 문장으로 정리한 결론  
   - 전체 댓글은 중립적인 분위기를 유지하면서도 사건에 대한 의구심과 비판적인 시각을 함께 표출하고 있습니다."
https://n.news.naver.com/mnews/article/009/0005600533,4,"1. 전체 댓글 분위기 요약  
   - 댓글들은 범죄자 신상 공개에 대한 의견을 표명하고 있으며, 대체로 중립적인 시각으로 법률 개정 필요성을 강조하고 있다.

2. 긍정적인 반응이 있다면 어떤 내용인지  
   - 긍정적인 반응은 법률 개정을 통해 범죄자 정보 공개를 지지하는 내용으로, 범죄 예방에 대한 기대감이 반영되어 있다.

3. 부정적인 반응이 있다면 어떤 내용인지  
   - 부정적인 반응은 특정 범죄에 대한 신상공개의 기준이 모호하다는 점과 법적 절차에 대한 우려가 나타나지 않고 있다.

4. 중립/정보 전달형 댓글이 있다면 특징  
   - 중립적인 댓글은 범죄자 신상 공개 외에도 범죄 유형에 따라 공개 기준을 구체적으로 요구하며, 법적 규제의 필요성을 언급하고 있다.

5. 한 문장으로 정리한 결론  
   - 댓글들은 범죄자 신상 공개에 대한 지지를 나타내며, 보다 명확한 기준 설정과 법률 개정의 필요성을 강조하고 있다."
https://n.news.naver.com/mnews/article/011/0004563616,2,"1. 전체 댓글 분위기 요약
   - 해당 기사에 대한 댓글은 전반적으로 중립적인 반응으로 이루어져 있으며, 특별한 긍정적 또는 부정적인 의견이 나타나지 않았습니다.

2. 긍정적인 반응이 있다면 어떤 내용인지
   - 긍정적인 반응은 확인되지 않았습니다.

3. 부정적인 반응이 있다면 어떤 내용인지
   - 부정적인 반응은 확인되지 않았습니다.

4. 중립/정보 전달형 댓글이 있다면 특징
   - 중립적인 댓글들은 주로 감상이나 출신에 대한 언급으로, 정보 전달보다는 개인적인 의견이나 감정 표현이 중심이었습니다.

5. 한 문장으로 정리한 결론
   - 이번 기사에 대한 댓글은 전반적으로 중립적인 내용으로, 특정한 감정이나 의견이 뚜렷하게 드러나지 않았습니다."
https://n.news.naver.com/mnews/article/016/0002567410,4,"1. 전체 댓글 분위기 요약
   - 댓글들은 전반적으로 중립적인 분위기를 띠며, 특정 사건이나 인물에 대한 비판적 시각이 드러나지 않고 있습니다. 대신 일반적인 불만이나 의구심을 표현하고 있습니다.

2. 긍정적인 반응이 있다면 어떤 내용인지
   - 이번 댓글 작성된 내용 중 긍정적인 반응은 발견되지 않았습니다.

3. 부정적인 반응이 있다면 어떤 내용인지
   - 부정적인 반응으로는 범죄자와 관련된 법원의 대응에 대한 불만, 공직자의 자질에 대한 비판, 그리고 이로 인해 사회가 겪는 수치심이 있습니다.

4. 중립/정보 전달형 댓글이 있다면 특징
   - 중립적인 댓글들은 사건에 대한 직접적인 감정 표현보다는 사건의 결과나 상황에 대한 의문을 던지며, 말투가 공격적이지 않고 관찰자의 입장을 취하는 특징이 있습니다.

5. 한 문장으로 정리한 결론
   - 이번 댓글들은 전체적으로 중립적이며, 사건에 대한 불만과 비판적인 태도를 보여주지만 강한 감정을 드러내지는 않고 있습니다."
https://n.news.naver.com/mnews/article/018/0006177817,1,"- **전체 댓글 분위기 요약**: 해당 기사에 달린 댓글은 중립적인 분위기를 보이고 있으며, 단 한 개의 댓글이 존재합니다. 댓글은 특정 정치인에 대한 비판적인 감정을 담고 있지만, 감정적 표현을 자제하고 있습니다.

- **긍정적인 반응이 있다면 어떤 내용인지**: 긍정적인 반응은 발견되지 않았습니다.

- **부정적인 반응이 있다면 어떤 내용인지**: 부정적인 반응으로는 ""우파 궤멸자 윤석열은 사형이 답""이라는 극단적인 표현이 포함되어 있으며, 이는 해당 정치인에 대한 강한 반감을 드러냅니다.

- **중립/정보 전달형 댓글이 있다면 특징**: 중립적인 댓글이 한 개 있으며, 정치적 견해를 드러내면서도 감정적으로 과도하게 표현하지 않고 비교적 직설적인 방식으로 의견을 전달하고 있습니다.

- **한 문장으로 정리한 결론**: 댓글은 중립적인 감정을 기반으로 한 강한 비판이 담겨 있으며, 부정적인 메시지를 전하는 단 하나의 의견으로 구성되어 있습니다."
https://n.news.naver.com/mnews/article/020/0003679392,5,"1. 전체 댓글 분위기 요약
   - 댓글은 전반적으로 중립적인 분위기가 지배적이며, 다양한 의견들이 섞여 있지만 뚜렷한 긍정적 또는 부정적 반응은 보이지 않는다.

2. 긍정적인 반응이 있다면 어떤 내용인지
   - 한 댓글에서는 '인성이 좋고 머리도 좋다'고 칭찬하며 삼성에 대한 긍정적인 메시지를 전달하고 있다.

3. 부정적인 반응이 있다면 어떤 내용인지
   - 부정적인 반응은 없으며, 다소 부정적인 뉘앙스를 지닌 댓글이 있으나 전반적으로 중립적이다.

4. 중립/정보 전달형 댓글이 있다면 특징
   - 중립적인 댓글들은 주로 간단한 질문이나 상대방의 상황을 언급하며, 개인의 의견보다 사실이나 관찰을 전달하는 데 초점을 맞추고 있다.

5. 한 문장으로 정리한 결론
   - 댓글들이 전반적으로 중립적인 성격을 띠며, 특정한 긍정적 또는 부정적 반응은 없어 다양하고 흥미로운 논의가 이루어지고 있다."
